Execução,MPI_Config,np,OMP_Threads,Tempo_real,Tempo_user,Tempo_sys,Tempo_total,Tempo_Bcast_Scatterv,Tempo_Computacao,Tempo_Gatherv
Uptime antes da execução:  15:16:31 up 1 day, 14:01, 19 users,  load average: 6.11, 6.31, 7.45
1,"--host fct-deei-linux:2",2,2,0.693,0.543,0.06,0.525314,0.001261,0.262644,0.264546
2,"--host fct-deei-linux:2",2,2,0.792,0.543,0.07,0.633129,0.001236,0.336108,0.368895
3,"--host fct-deei-linux:2",2,2,0.749,0.554,0.083,0.635614,0.000514,0.298060,0.357033
4,"--host fct-deei-linux:2",2,2,0.707,0.56,0.051,0.536841,0.009603,0.259517,0.261129
5,"--host fct-deei-linux:2",2,2,0.76,0.557,0.064,0.566257,0.001213,0.266365,0.292162
6,"--host fct-deei-linux:2",2,2,0.775,0.575,0.064,0.601435,0.001480,0.274113,0.330907
7,"--host fct-deei-linux:2",2,2,0.761,0.603,0.059,0.583690,0.004278,0.312565,0.313853
8,"--host fct-deei-linux:2",2,2,0.743,0.531,0.071,0.573832,0.001416,0.299323,0.301321
9,"--host fct-deei-linux:2",2,2,0.715,0.531,0.058,0.554280,0.001199,0.283245,0.292496
10,"--host fct-deei-linux:2",2,2,0.851,0.546,0.059,0.667964,0.001173,0.390642,0.392501
11,"--host fct-deei-linux:2",2,2,0.792,0.576,0.037,0.591983,0.000624,0.313876,0.315428
12,"--host fct-deei-linux:2",2,2,0.719,0.542,0.058,0.538204,0.001179,0.262647,0.264571
13,"--host fct-deei-linux:2",2,2,0.819,0.541,0.064,0.619211,0.000501,0.311272,0.337477
14,"--host fct-deei-linux:2",2,2,0.711,0.525,0.054,0.531552,0.001211,0.270483,0.276909
15,"--host fct-deei-linux:2",2,2,0.713,0.547,0.049,0.548199,0.001234,0.283329,0.285556
16,"--host fct-deei-linux:2",2,2,0.779,0.53,0.059,0.604540,0.005609,0.340764,0.342535
17,"--host fct-deei-linux:2",2,2,0.786,0.607,0.049,0.572201,0.007711,0.295988,0.299331
18,"--host fct-deei-linux:2",2,2,0.767,0.544,0.06,0.573770,0.012560,0.298063,0.299953
19,"--host fct-deei-linux:2",2,2,0.78,0.568,0.056,0.586054,0.002975,0.319435,0.320698
20,"--host fct-deei-linux:2",2,2,0.762,0.571,0.06,0.580218,0.003133,0.228997,0.294960
21,"--host fct-deei-linux:2",2,2,0.742,0.567,0.041,0.557599,0.017796,0.255231,0.282160
22,"--host fct-deei-linux:2",2,2,0.607,0.535,0.086,0.495539,0.000576,0.239243,0.240494
23,"--host fct-deei-linux:2",2,2,0.692,0.553,0.05,0.522530,0.001029,0.236146,0.268154
24,"--host fct-deei-linux:2",2,2,0.811,0.599,0.06,0.618265,0.001250,0.265224,0.347011
25,"--host fct-deei-linux:2",2,2,0.784,0.546,0.054,0.606060,0.007776,0.312624,0.314387
26,"--host fct-deei-linux:2",2,2,0.73,0.543,0.048,0.548926,0.011822,0.269962,0.271546
27,"--host fct-deei-linux:2",2,2,0.792,0.506,0.078,0.605196,0.001226,0.306043,0.308218
28,"--host fct-deei-linux:2",2,2,0.764,0.541,0.073,0.564691,0.003228,0.290258,0.292188
29,"--host fct-deei-linux:2",2,2,0.712,0.528,0.055,0.532963,0.002490,0.253209,0.258901
30,"--host fct-deei-linux:2",2,2,0.767,0.572,0.046,0.606565,0.016429,0.282265,0.315118
Uptime depois da execução:  15:17:00 up 1 day, 14:02, 19 users,  load average: 6.35, 6.33, 7.42
Média,"--host fct-deei-linux:2",2,2,0.752500,0.552800,0.059200,0.576090,0.004124,0.287254,0.303682
Uptime antes da execução:  15:17:01 up 1 day, 14:02, 19 users,  load average: 6.35, 6.33, 7.42
1,"--host fct-deei-linux:2",2,4,0.72,0.553,0.052,0.526141,0.001204,0.234995,0.250874
2,"--host fct-deei-linux:2",2,4,0.692,0.509,0.093,0.527111,0.001226,0.251861,0.253820
3,"--host fct-deei-linux:2",2,4,0.741,0.568,0.044,0.548612,0.022562,0.233746,0.255493
4,"--host fct-deei-linux:2",2,4,0.759,0.577,0.058,0.563582,0.003331,0.291091,0.292856
5,"--host fct-deei-linux:2",2,4,0.685,0.556,0.048,0.512692,0.000568,0.247896,0.249528
6,"--host fct-deei-linux:2",2,4,0.724,0.528,0.06,0.502375,0.000580,0.230212,0.231506
7,"--host fct-deei-linux:2",2,4,0.775,0.58,0.063,0.566062,0.019232,0.261740,0.263496
8,"--host fct-deei-linux:2",2,4,0.696,0.539,0.06,0.531042,0.011592,0.256348,0.257942
9,"--host fct-deei-linux:2",2,4,0.691,0.555,0.05,0.523659,0.000575,0.229122,0.250527
10,"--host fct-deei-linux:2",2,4,0.703,0.539,0.059,0.535434,0.009554,0.263318,0.264981
11,"--host fct-deei-linux:2",2,4,0.7,0.515,0.072,0.515730,0.000608,0.247833,0.249466
12,"--host fct-deei-linux:2",2,4,0.765,0.547,0.047,0.548849,0.013796,0.267808,0.269436
13,"--host fct-deei-linux:2",2,4,0.704,0.545,0.068,0.525478,0.000538,0.250912,0.252671
14,"--host fct-deei-linux:2",2,4,0.704,0.534,0.063,0.536721,0.012606,0.243906,0.245934
15,"--host fct-deei-linux:2",2,4,0.712,0.541,0.074,0.535713,0.014019,0.228932,0.258307
16,"--host fct-deei-linux:2",2,4,0.704,0.515,0.063,0.518347,0.000609,0.238375,0.239999
17,"--host fct-deei-linux:2",2,4,0.661,0.526,0.076,0.527114,0.000536,0.249411,0.251118
18,"--host fct-deei-linux:2",2,4,0.744,0.528,0.057,0.572206,0.000533,0.299464,0.300662
19,"--host fct-deei-linux:2",2,4,0.723,0.545,0.063,0.530469,0.000608,0.240434,0.242164
20,"--host fct-deei-linux:2",2,4,0.7,0.547,0.072,0.535949,0.015671,0.252020,0.253593
21,"--host fct-deei-linux:2",2,4,0.728,0.535,0.076,0.571149,0.005585,0.298514,0.300642
22,"--host fct-deei-linux:2",2,4,0.731,0.577,0.064,0.570489,0.000626,0.291768,0.293571
23,"--host fct-deei-linux:2",2,4,0.7,0.557,0.046,0.523057,0.007908,0.244113,0.245326
24,"--host fct-deei-linux:2",2,4,0.724,0.537,0.071,0.533043,0.004381,0.234740,0.267186
25,"--host fct-deei-linux:2",2,4,0.756,0.536,0.048,0.549447,0.006439,0.250770,0.252001
26,"--host fct-deei-linux:2",2,4,0.7,0.577,0.051,0.544280,0.000577,0.271621,0.273283
27,"--host fct-deei-linux:2",2,4,0.692,0.519,0.069,0.521718,0.005612,0.247777,0.249339
28,"--host fct-deei-linux:2",2,4,0.752,0.579,0.047,0.568595,0.013853,0.283112,0.284574
29,"--host fct-deei-linux:2",2,4,0.78,0.575,0.068,0.550794,0.006267,0.267071,0.268861
30,"--host fct-deei-linux:2",2,4,0.748,0.542,0.067,0.554226,0.000517,0.278014,0.279213
Uptime depois da execução:  15:17:30 up 1 day, 14:02, 19 users,  load average: 7.12, 6.51, 7.45
Média,"--host fct-deei-linux:2",2,4,0.720467,0.546033,0.061633,0.538997,0.006057,0.256230,0.261612
Uptime antes da execução:  15:17:31 up 1 day, 14:02, 19 users,  load average: 7.12, 6.51, 7.45
1,"--host fct-deei-linux:2",2,6,0.725,0.559,0.05,0.520330,0.002431,0.255436,0.257073
2,"--host fct-deei-linux:2",2,6,0.743,0.546,0.074,0.567140,0.001665,0.246537,0.293468
3,"--host fct-deei-linux:2",2,6,0.74,0.586,0.061,0.555936,0.000618,0.286851,0.288697
4,"--host fct-deei-linux:2",2,6,0.702,0.533,0.066,0.517938,0.000610,0.244976,0.246642
5,"--host fct-deei-linux:2",2,6,0.76,0.574,0.061,0.562254,0.000613,0.286693,0.288343
6,"--host fct-deei-linux:2",2,6,0.716,0.532,0.076,0.533909,0.001231,0.263672,0.265246
7,"--host fct-deei-linux:2",2,6,0.679,0.515,0.072,0.512848,0.001208,0.229250,0.243665
8,"--host fct-deei-linux:2",2,6,0.716,0.562,0.043,0.530956,0.016381,0.211129,0.241828
9,"--host fct-deei-linux:2",2,6,0.761,0.557,0.07,0.564043,0.000550,0.285753,0.287045
10,"--host fct-deei-linux:2",2,6,0.69,0.507,0.082,0.525873,0.001247,0.243627,0.245861
11,"--host fct-deei-linux:2",2,6,0.712,0.535,0.071,0.546198,0.001050,0.267079,0.268942
12,"--host fct-deei-linux:2",2,6,0.752,0.54,0.087,0.554401,0.010267,0.274985,0.276896
13,"--host fct-deei-linux:2",2,6,0.711,0.575,0.058,0.547421,0.002317,0.266974,0.268764
14,"--host fct-deei-linux:2",2,6,0.684,0.529,0.047,0.492021,0.000517,0.228281,0.229484
15,"--host fct-deei-linux:2",2,6,0.756,0.574,0.06,0.583680,0.015759,0.282186,0.284393
16,"--host fct-deei-linux:2",2,6,0.691,0.531,0.055,0.512703,0.001184,0.237700,0.249905
17,"--host fct-deei-linux:2",2,6,0.668,0.496,0.081,0.504923,0.001463,0.238800,0.243004
18,"--host fct-deei-linux:2",2,6,0.744,0.595,0.045,0.567539,0.006049,0.287314,0.299672
19,"--host fct-deei-linux:2",2,6,0.692,0.524,0.067,0.515646,0.001052,0.240468,0.243176
20,"--host fct-deei-linux:2",2,6,0.691,0.54,0.051,0.514858,0.006069,0.242992,0.244731
21,"--host fct-deei-linux:2",2,6,0.936,1.049,0.055,0.769089,0.000794,0.508182,0.509698
22,"--host fct-deei-linux:2",2,6,0.688,0.504,0.063,0.492403,0.008640,0.221665,0.222861
23,"--host fct-deei-linux:2",2,6,0.717,0.542,0.066,0.529082,0.004609,0.253392,0.254932
24,"--host fct-deei-linux:2",2,6,0.715,0.538,0.045,0.508898,0.000511,0.231195,0.232462
25,"--host fct-deei-linux:2",2,6,0.64,0.527,0.054,0.503658,0.018088,0.222904,0.224079
26,"--host fct-deei-linux:2",2,6,0.669,0.549,0.049,0.506543,0.004491,0.236000,0.237232
27,"--host fct-deei-linux:2",2,6,0.703,0.553,0.047,0.523739,0.012529,0.227804,0.250370
28,"--host fct-deei-linux:2",2,6,0.676,0.528,0.077,0.509156,0.014777,0.233505,0.235091
29,"--host fct-deei-linux:2",2,6,0.654,0.544,0.049,0.507829,0.009793,0.233449,0.235271
30,"--host fct-deei-linux:2",2,6,0.672,0.524,0.058,0.497406,0.003193,0.226241,0.227523
Uptime depois da execução:  15:18:00 up 1 day, 14:03, 19 users,  load average: 7.82, 6.72, 7.49
Média,"--host fct-deei-linux:2",2,6,0.713433,0.558933,0.061333,0.535950,0.004990,0.257167,0.263211
Uptime antes da execução:  15:18:01 up 1 day, 14:03, 19 users,  load average: 7.82, 6.72, 7.49
1,"--host fct-deei-linux:2",2,8,0.75,0.571,0.051,0.555210,0.004078,0.268816,0.270931
2,"--host fct-deei-linux:2",2,8,0.744,0.526,0.05,0.549914,0.024097,0.231056,0.232280
3,"--host fct-deei-linux:2",2,8,0.68,0.527,0.047,0.502873,0.001218,0.235890,0.237414
4,"--host fct-deei-linux:2",2,8,0.652,0.501,0.074,0.494994,0.001259,0.230261,0.232150
5,"--host fct-deei-linux:2",2,8,0.674,0.525,0.063,0.512601,0.001179,0.240564,0.250155
6,"--host fct-deei-linux:2",2,8,0.694,0.582,0.034,0.543089,0.002372,0.243515,0.244752
7,"--host fct-deei-linux:2",2,8,0.738,0.567,0.052,0.545468,0.005197,0.265868,0.271888
8,"--host fct-deei-linux:2",2,8,0.702,0.509,0.081,0.522338,0.001262,0.244662,0.256089
9,"--host fct-deei-linux:2",2,8,0.728,0.525,0.083,0.550034,0.001197,0.222933,0.246101
10,"--host fct-deei-linux:2",2,8,0.735,0.588,0.051,0.550724,0.012149,0.263563,0.265559
11,"--host fct-deei-linux:2",2,8,0.679,0.541,0.055,0.493079,0.000561,0.234407,0.236032
12,"--host fct-deei-linux:2",2,8,0.71,0.554,0.063,0.533535,0.007485,0.249429,0.251561
13,"--host fct-deei-linux:2",2,8,0.708,0.529,0.068,0.537728,0.000812,0.240887,0.242490
14,"--host fct-deei-linux:2",2,8,0.709,0.538,0.07,0.530583,0.003926,0.260339,0.262439
15,"--host fct-deei-linux:2",2,8,0.671,0.557,0.071,0.535820,0.001249,0.267392,0.269311
16,"--host fct-deei-linux:2",2,8,0.742,0.549,0.059,0.523839,0.007433,0.250563,0.252426
17,"--host fct-deei-linux:2",2,8,0.784,0.59,0.055,0.578234,0.012878,0.288745,0.290588
18,"--host fct-deei-linux:2",2,8,0.74,0.548,0.073,0.545425,0.001267,0.260401,0.262682
19,"--host fct-deei-linux:2",2,8,0.7,0.548,0.063,0.535369,0.001759,0.267076,0.269689
20,"--host fct-deei-linux:2",2,8,0.656,0.528,0.061,0.500536,0.000633,0.224400,0.242107
21,"--host fct-deei-linux:2",2,8,0.708,0.557,0.087,0.537249,0.001088,0.229631,0.265592
22,"--host fct-deei-linux:2",2,8,0.713,0.547,0.049,0.538605,0.000609,0.237875,0.239128
23,"--host fct-deei-linux:2",2,8,0.719,0.545,0.07,0.548461,0.001240,0.262899,0.264933
24,"--host fct-deei-linux:2",2,8,0.675,0.52,0.059,0.508784,0.001220,0.229764,0.233781
25,"--host fct-deei-linux:2",2,8,0.764,0.587,0.057,0.563625,0.000817,0.267240,0.284449
26,"--host fct-deei-linux:2",2,8,0.667,0.555,0.049,0.513868,0.001198,0.232604,0.238858
27,"--host fct-deei-linux:2",2,8,0.65,0.537,0.047,0.500592,0.001276,0.239070,0.241229
28,"--host fct-deei-linux:2",2,8,0.704,0.512,0.066,0.502755,0.006660,0.226957,0.228472
29,"--host fct-deei-linux:2",2,8,0.853,0.575,0.072,0.646494,0.036201,0.296228,0.305188
30,"--host fct-deei-linux:2",2,8,0.768,0.552,0.071,0.546036,0.011357,0.258704,0.260306
Uptime depois da execução:  15:18:29 up 1 day, 14:03, 19 users,  load average: 9.08, 7.11, 7.60
Média,"--host fct-deei-linux:2",2,8,0.713900,0.546333,0.061700,0.534927,0.005123,0.249057,0.254953
Uptime antes da execução:  15:18:30 up 1 day, 14:03, 19 users,  load average: 9.08, 7.11, 7.60
1,"--host fct-deei-linux:3",3,2,0.922,0.564,0.081,0.630530,0.001387,0.289382,0.313222
2,"--host fct-deei-linux:3",3,2,0.903,0.592,0.053,0.640951,0.004246,0.288562,0.307996
3,"--host fct-deei-linux:3",3,2,0.878,0.565,0.065,0.657351,0.003161,0.298467,0.321311
4,"--host fct-deei-linux:3",3,2,0.88,0.592,0.069,0.643823,0.003998,0.296352,0.307466
5,"--host fct-deei-linux:3",3,2,1.095,0.603,0.057,0.769312,0.002684,0.384867,0.430469
6,"--host fct-deei-linux:3",3,2,0.734,0.558,0.097,0.526797,0.001394,0.242084,0.250584
7,"--host fct-deei-linux:3",3,2,0.715,0.572,0.086,0.530863,0.001260,0.230183,0.251947
8,"--host fct-deei-linux:3",3,2,0.883,0.596,0.084,0.639439,0.001842,0.336848,0.341900
9,"--host fct-deei-linux:3",3,2,0.814,0.604,0.093,0.590454,0.001803,0.289805,0.292230
10,"--host fct-deei-linux:3",3,2,0.739,0.557,0.088,0.544287,0.001915,0.236886,0.243647
11,"--host fct-deei-linux:3",3,2,0.809,0.565,0.081,0.556697,0.001328,0.261985,0.264004
12,"--host fct-deei-linux:3",3,2,0.854,0.561,0.099,0.635084,0.004095,0.304630,0.311064
13,"--host fct-deei-linux:3",3,2,0.725,0.572,0.066,0.547707,0.002530,0.258110,0.262882
14,"--host fct-deei-linux:3",3,2,0.842,0.593,0.086,0.640318,0.003159,0.324870,0.330399
15,"--host fct-deei-linux:3",3,2,0.78,0.583,0.108,0.578515,0.001217,0.293506,0.295392
16,"--host fct-deei-linux:3",3,2,0.756,0.56,0.082,0.552055,0.001238,0.246622,0.248529
17,"--host fct-deei-linux:3",3,2,0.81,0.587,0.078,0.619359,0.002599,0.313125,0.318398
18,"--host fct-deei-linux:3",3,2,0.73,0.6,0.062,0.544762,0.002092,0.209029,0.241862
19,"--host fct-deei-linux:3",3,2,0.796,0.584,0.059,0.590814,0.003406,0.277364,0.282467
20,"--host fct-deei-linux:3",3,2,0.768,0.569,0.071,0.577271,0.002051,0.252389,0.256540
21,"--host fct-deei-linux:3",3,2,0.752,0.589,0.05,0.559788,0.002311,0.248587,0.254002
22,"--host fct-deei-linux:3",3,2,0.779,0.594,0.059,0.605903,0.001862,0.304491,0.308784
23,"--host fct-deei-linux:3",3,2,0.841,0.617,0.073,0.602525,0.022173,0.227996,0.248642
24,"--host fct-deei-linux:3",3,2,0.755,0.555,0.113,0.555585,0.001920,0.246666,0.251018
25,"--host fct-deei-linux:3",3,2,0.781,0.66,0.08,0.589991,0.001845,0.281823,0.289176
26,"--host fct-deei-linux:3",3,2,0.896,0.615,0.07,0.638799,0.021929,0.268362,0.317703
27,"--host fct-deei-linux:3",3,2,0.739,0.612,0.076,0.558993,0.016569,0.255540,0.257132
28,"--host fct-deei-linux:3",3,2,0.784,0.549,0.096,0.604306,0.001908,0.292193,0.296529
29,"--host fct-deei-linux:3",3,2,0.658,0.65,0.084,0.515124,0.012422,0.229372,0.232209
30,"--host fct-deei-linux:3",3,2,0.751,0.588,0.078,0.552555,0.001877,0.256956,0.260101
Uptime depois da execução:  15:19:01 up 1 day, 14:04, 19 users,  load average: 8.56, 7.22, 7.62
Média,"--host fct-deei-linux:3",3,2,0.805633,0.586867,0.078133,0.593333,0.004407,0.274902,0.286253
Uptime antes da execução:  15:19:02 up 1 day, 14:04, 19 users,  load average: 8.56, 7.22, 7.62
1,"--host fct-deei-linux:3",3,4,0.785,0.681,0.072,0.620544,0.025850,0.202248,0.294866
2,"--host fct-deei-linux:3",3,4,0.739,0.582,0.091,0.538039,0.001979,0.227033,0.233165
3,"--host fct-deei-linux:3",3,4,0.749,0.601,0.068,0.514791,0.002752,0.219996,0.222686
4,"--host fct-deei-linux:3",3,4,0.787,0.585,0.079,0.542786,0.003033,0.199684,0.210458
5,"--host fct-deei-linux:3",3,4,0.696,0.622,0.069,0.497667,0.001273,0.181031,0.213778
6,"--host fct-deei-linux:3",3,4,0.776,0.594,0.078,0.550542,0.002511,0.194619,0.222638
7,"--host fct-deei-linux:3",3,4,0.749,0.575,0.086,0.524201,0.001889,0.224575,0.229715
8,"--host fct-deei-linux:3",3,4,0.747,0.595,0.087,0.511041,0.002551,0.194544,0.209026
9,"--host fct-deei-linux:3",3,4,0.768,0.597,0.078,0.537789,0.002896,0.229223,0.233875
10,"--host fct-deei-linux:3",3,4,0.773,0.616,0.075,0.551181,0.003134,0.248568,0.253935
11,"--host fct-deei-linux:3",3,4,0.732,0.624,0.077,0.514845,0.003172,0.190914,0.201979
12,"--host fct-deei-linux:3",3,4,0.745,0.678,0.101,0.571714,0.026436,0.191305,0.237552
13,"--host fct-deei-linux:3",3,4,0.905,0.691,0.06,0.659179,0.028691,0.242978,0.302370
14,"--host fct-deei-linux:3",3,4,0.717,0.613,0.083,0.505492,0.001600,0.197909,0.209328
15,"--host fct-deei-linux:3",3,4,0.707,0.647,0.06,0.517759,0.018805,0.192695,0.212709
16,"--host fct-deei-linux:3",3,4,0.791,0.631,0.068,0.574234,0.026322,0.244162,0.253076
17,"--host fct-deei-linux:3",3,4,0.72,0.562,0.107,0.538874,0.002379,0.225659,0.229576
18,"--host fct-deei-linux:3",3,4,0.668,0.621,0.045,0.511987,0.001922,0.211958,0.215840
19,"--host fct-deei-linux:3",3,4,0.746,0.604,0.079,0.509728,0.002566,0.203218,0.206691
20,"--host fct-deei-linux:3",3,4,0.752,0.588,0.096,0.540148,0.003170,0.206557,0.236031
21,"--host fct-deei-linux:3",3,4,0.736,0.598,0.073,0.533768,0.002301,0.225298,0.231902
22,"--host fct-deei-linux:3",3,4,0.701,0.572,0.091,0.514188,0.003049,0.202697,0.220191
23,"--host fct-deei-linux:3",3,4,0.7,0.598,0.075,0.514600,0.001277,0.197462,0.207696
24,"--host fct-deei-linux:3",3,4,0.717,0.599,0.075,0.535500,0.001832,0.215024,0.218642
25,"--host fct-deei-linux:3",3,4,0.741,0.587,0.084,0.513685,0.001855,0.192823,0.196515
26,"--host fct-deei-linux:3",3,4,0.691,0.574,0.088,0.513716,0.001777,0.199521,0.212311
27,"--host fct-deei-linux:3",3,4,0.734,0.581,0.086,0.523942,0.001870,0.205888,0.230279
28,"--host fct-deei-linux:3",3,4,0.736,0.654,0.059,0.546746,0.013446,0.188145,0.220147
29,"--host fct-deei-linux:3",3,4,0.735,0.58,0.095,0.528603,0.002372,0.177844,0.209600
30,"--host fct-deei-linux:3",3,4,0.703,0.586,0.081,0.524261,0.001902,0.225696,0.228679
Uptime depois da execução:  15:19:31 up 1 day, 14:04, 19 users,  load average: 9.72, 7.63, 7.74
Média,"--host fct-deei-linux:3",3,4,0.741533,0.607867,0.078867,0.536050,0.006487,0.208642,0.226843
Uptime antes da execução:  15:19:32 up 1 day, 14:04, 19 users,  load average: 9.72, 7.63, 7.74
1,"--host fct-deei-linux:3",3,6,0.74,0.596,0.088,0.545394,0.023276,0.194936,0.213056
2,"--host fct-deei-linux:3",3,6,0.68,0.537,0.096,0.473237,0.001862,0.164158,0.177269
3,"--host fct-deei-linux:3",3,6,0.681,0.538,0.086,0.504888,0.003059,0.200280,0.208522
4,"--host fct-deei-linux:3",3,6,0.746,0.604,0.068,0.546094,0.015576,0.195972,0.212174
5,"--host fct-deei-linux:3",3,6,0.716,0.555,0.074,0.519372,0.002515,0.189807,0.208403
6,"--host fct-deei-linux:3",3,6,0.706,0.537,0.077,0.475230,0.003214,0.182898,0.186885
7,"--host fct-deei-linux:3",3,6,0.704,0.515,0.107,0.456214,0.002046,0.164446,0.172554
8,"--host fct-deei-linux:3",3,6,0.703,0.547,0.073,0.512135,0.002554,0.194584,0.198704
9,"--host fct-deei-linux:3",3,6,0.776,0.578,0.077,0.510642,0.001452,0.200072,0.221743
10,"--host fct-deei-linux:3",3,6,0.745,0.532,0.097,0.522714,0.003362,0.180800,0.200107
11,"--host fct-deei-linux:3",3,6,0.771,0.541,0.096,0.558461,0.003192,0.188598,0.209903
12,"--host fct-deei-linux:3",3,6,0.736,0.549,0.091,0.528432,0.002218,0.204903,0.220355
13,"--host fct-deei-linux:3",3,6,0.702,0.578,0.076,0.514112,0.002291,0.163394,0.211127
14,"--host fct-deei-linux:3",3,6,0.708,0.573,0.072,0.506010,0.001861,0.186462,0.203509
15,"--host fct-deei-linux:3",3,6,0.713,0.549,0.079,0.493915,0.002523,0.187737,0.192582
16,"--host fct-deei-linux:3",3,6,0.905,0.597,0.076,0.688575,0.027474,0.246274,0.314930
17,"--host fct-deei-linux:3",3,6,0.667,0.586,0.055,0.501318,0.002190,0.202155,0.206199
18,"--host fct-deei-linux:3",3,6,0.635,0.528,0.097,0.440967,0.001863,0.159076,0.166739
19,"--host fct-deei-linux:3",3,6,0.663,0.593,0.058,0.495892,0.004963,0.184911,0.213169
20,"--host fct-deei-linux:3",3,6,0.895,0.561,0.098,0.578085,0.010712,0.206570,0.215946
21,"--host fct-deei-linux:3",3,6,0.702,0.576,0.089,0.507316,0.002543,0.185687,0.189024
22,"--host fct-deei-linux:3",3,6,0.697,0.544,0.096,0.503391,0.001910,0.195707,0.198373
23,"--host fct-deei-linux:3",3,6,0.828,0.561,0.085,0.587681,0.003014,0.226784,0.257207
24,"--host fct-deei-linux:3",3,6,0.667,0.579,0.065,0.495797,0.009969,0.178670,0.190578
25,"--host fct-deei-linux:3",3,6,0.669,0.558,0.084,0.486690,0.002787,0.172193,0.183800
26,"--host fct-deei-linux:3",3,6,0.71,0.559,0.101,0.508944,0.002214,0.192255,0.209998
27,"--host fct-deei-linux:3",3,6,0.929,0.576,0.083,0.667045,0.029182,0.238512,0.309373
28,"--host fct-deei-linux:3",3,6,0.679,0.57,0.087,0.525010,0.001994,0.211708,0.220602
29,"--host fct-deei-linux:3",3,6,0.708,0.517,0.112,0.514090,0.002576,0.211251,0.214553
30,"--host fct-deei-linux:3",3,6,0.648,0.543,0.1,0.476293,0.001897,0.167124,0.179629
Uptime depois da execução:  15:20:01 up 1 day, 14:05, 19 users,  load average: 11.08, 8.13, 7.90
Média,"--host fct-deei-linux:3",3,6,0.727633,0.559233,0.084767,0.521463,0.005876,0.192597,0.210233
Uptime antes da execução:  15:20:02 up 1 day, 14:05, 19 users,  load average: 11.08, 8.13, 7.90
1,"--host fct-deei-linux:3",3,8,0.692,0.586,0.083,0.520482,0.002284,0.189366,0.207226
2,"--host fct-deei-linux:3",3,8,0.692,0.564,0.088,0.490822,0.002938,0.167357,0.177972
3,"--host fct-deei-linux:3",3,8,0.691,0.567,0.085,0.499730,0.002258,0.190882,0.198304
4,"--host fct-deei-linux:3",3,8,0.734,0.59,0.064,0.492901,0.003058,0.179334,0.206283
5,"--host fct-deei-linux:3",3,8,0.674,0.536,0.1,0.495378,0.002513,0.184034,0.188807
6,"--host fct-deei-linux:3",3,8,0.675,0.542,0.088,0.466956,0.001856,0.157798,0.180467
7,"--host fct-deei-linux:3",3,8,0.851,0.589,0.088,0.573138,0.020066,0.146002,0.198456
8,"--host fct-deei-linux:3",3,8,0.702,0.562,0.078,0.505964,0.003069,0.190401,0.195032
9,"--host fct-deei-linux:3",3,8,0.713,0.552,0.092,0.478201,0.002519,0.164311,0.168969
10,"--host fct-deei-linux:3",3,8,0.776,0.56,0.083,0.562387,0.007911,0.240677,0.244462
11,"--host fct-deei-linux:3",3,8,0.703,0.552,0.099,0.497800,0.003712,0.183781,0.188038
12,"--host fct-deei-linux:3",3,8,0.73,0.578,0.086,0.498119,0.003053,0.180767,0.185168
13,"--host fct-deei-linux:3",3,8,0.705,0.569,0.078,0.486722,0.002782,0.181310,0.185298
14,"--host fct-deei-linux:3",3,8,0.767,0.587,0.072,0.510670,0.022776,0.171233,0.183302
15,"--host fct-deei-linux:3",3,8,0.723,0.583,0.066,0.514154,0.002239,0.198402,0.225614
16,"--host fct-deei-linux:3",3,8,0.753,0.633,0.08,0.536643,0.021539,0.160660,0.205286
17,"--host fct-deei-linux:3",3,8,0.789,0.578,0.071,0.505797,0.001555,0.192174,0.195206
18,"--host fct-deei-linux:3",3,8,0.687,0.573,0.056,0.480138,0.002514,0.157819,0.173642
19,"--host fct-deei-linux:3",3,8,0.623,0.573,0.069,0.471983,0.004949,0.163258,0.168316
20,"--host fct-deei-linux:3",3,8,0.605,0.551,0.088,0.471829,0.003135,0.177146,0.182295
21,"--host fct-deei-linux:3",3,8,0.714,0.588,0.063,0.482326,0.004495,0.164834,0.191086
22,"--host fct-deei-linux:3",3,8,0.663,0.566,0.063,0.446179,0.001983,0.147995,0.170744
23,"--host fct-deei-linux:3",3,8,0.727,0.571,0.059,0.492356,0.002489,0.165902,0.175136
24,"--host fct-deei-linux:3",3,8,0.791,0.582,0.076,0.543313,0.001914,0.177824,0.182085
25,"--host fct-deei-linux:3",3,8,0.692,0.53,0.097,0.469343,0.002796,0.159245,0.171673
26,"--host fct-deei-linux:3",3,8,0.723,0.535,0.097,0.506479,0.004161,0.169461,0.182066
27,"--host fct-deei-linux:3",3,8,0.867,0.61,0.083,0.551347,0.019730,0.232014,0.244608
28,"--host fct-deei-linux:3",3,8,0.663,0.553,0.075,0.469575,0.002706,0.163957,0.168339
29,"--host fct-deei-linux:3",3,8,0.674,0.543,0.099,0.503943,0.002506,0.162513,0.194964
30,"--host fct-deei-linux:3",3,8,0.684,0.528,0.108,0.485434,0.001884,0.165026,0.180921
Uptime depois da execução:  15:20:31 up 1 day, 14:05, 19 users,  load average: 10.67, 8.29, 7.96
Média,"--host fct-deei-linux:3",3,8,0.716100,0.567700,0.081133,0.500333,0.005380,0.176182,0.190659
Uptime antes da execução:  15:20:32 up 1 day, 14:05, 19 users,  load average: 10.67, 8.29, 7.96
1,"--host fct-deei-linux:4",4,2,0.77,0.648,0.098,0.566693,0.002514,0.222733,0.245489
2,"--host fct-deei-linux:4",4,2,0.753,0.603,0.091,0.553293,0.002501,0.200537,0.223973
3,"--host fct-deei-linux:4",4,2,0.91,0.627,0.101,0.653047,0.005367,0.248175,0.316362
4,"--host fct-deei-linux:4",4,2,0.82,0.661,0.112,0.631392,0.025809,0.235913,0.298196
5,"--host fct-deei-linux:4",4,2,0.734,0.585,0.105,0.547777,0.002562,0.201766,0.227958
6,"--host fct-deei-linux:4",4,2,0.705,0.622,0.072,0.539761,0.002653,0.212961,0.220035
7,"--host fct-deei-linux:4",4,2,1.045,0.701,0.127,0.716541,0.027269,0.277204,0.325756
8,"--host fct-deei-linux:4",4,2,0.744,0.608,0.084,0.537414,0.005082,0.191298,0.224060
9,"--host fct-deei-linux:4",4,2,0.692,0.578,0.12,0.528479,0.001817,0.208966,0.223748
10,"--host fct-deei-linux:4",4,2,0.98,0.575,0.131,0.750584,0.002654,0.385991,0.439083
11,"--host fct-deei-linux:4",4,2,0.851,0.742,0.091,0.635566,0.001202,0.184246,0.278872
12,"--host fct-deei-linux:4",4,2,0.757,0.645,0.094,0.569124,0.001481,0.198527,0.253561
13,"--host fct-deei-linux:4",4,2,0.941,0.598,0.086,0.745202,0.001371,0.420854,0.430017
14,"--host fct-deei-linux:4",4,2,0.895,0.661,0.094,0.649425,0.036127,0.276340,0.280852
15,"--host fct-deei-linux:4",4,2,0.755,0.624,0.094,0.564074,0.001265,0.227849,0.236727
16,"--host fct-deei-linux:4",4,2,0.756,0.643,0.081,0.566915,0.001234,0.200365,0.249191
17,"--host fct-deei-linux:4",4,2,0.915,0.727,0.061,0.686423,0.021527,0.233125,0.326166
18,"--host fct-deei-linux:4",4,2,0.791,0.63,0.095,0.607334,0.002347,0.275291,0.289635
19,"--host fct-deei-linux:4",4,2,0.744,0.637,0.087,0.556013,0.001205,0.205670,0.231039
20,"--host fct-deei-linux:4",4,2,0.999,0.668,0.073,0.712132,0.019962,0.228330,0.288948
21,"--host fct-deei-linux:4",4,2,0.869,0.764,0.086,0.663070,0.014610,0.253582,0.328149
22,"--host fct-deei-linux:4",4,2,0.731,0.607,0.094,0.567332,0.003038,0.239869,0.247423
23,"--host fct-deei-linux:4",4,2,0.888,0.644,0.081,0.652597,0.003268,0.248841,0.261457
24,"--host fct-deei-linux:4",4,2,0.807,0.624,0.099,0.603704,0.002422,0.194606,0.267043
25,"--host fct-deei-linux:4",4,2,0.814,0.615,0.078,0.606837,0.011220,0.240596,0.256109
26,"--host fct-deei-linux:4",4,2,1.011,0.666,0.082,0.816743,0.029795,0.347351,0.440869
27,"--host fct-deei-linux:4",4,2,0.818,0.608,0.093,0.626170,0.003142,0.235464,0.244360
28,"--host fct-deei-linux:4",4,2,0.738,0.591,0.1,0.527242,0.001802,0.198189,0.231492
29,"--host fct-deei-linux:4",4,2,0.771,0.577,0.122,0.575908,0.001888,0.253004,0.259588
30,"--host fct-deei-linux:4",4,2,0.926,0.655,0.113,0.676373,0.014517,0.263527,0.323295
Uptime depois da execução:  15:21:05 up 1 day, 14:06, 20 users,  load average: 11.08, 8.61, 8.08
Média,"--host fct-deei-linux:4",4,2,0.831000,0.637800,0.094833,0.621100,0.008388,0.243706,0.282315
Uptime antes da execução:  15:21:06 up 1 day, 14:06, 20 users,  load average: 10.68, 8.57, 8.07
1,"--host fct-deei-linux:4",4,4,0.727,0.698,0.073,0.521729,0.001810,0.192099,0.210785
2,"--host fct-deei-linux:4",4,4,0.935,0.72,0.091,0.673077,0.009996,0.177083,0.257705
3,"--host fct-deei-linux:4",4,4,0.696,0.629,0.097,0.491568,0.001069,0.177218,0.189032
4,"--host fct-deei-linux:4",4,4,0.692,0.649,0.096,0.508810,0.008370,0.174204,0.203114
5,"--host fct-deei-linux:4",4,4,0.919,0.682,0.102,0.717558,0.022144,0.283990,0.372526
6,"--host fct-deei-linux:4",4,4,0.768,0.639,0.085,0.510461,0.018444,0.176554,0.192100
7,"--host fct-deei-linux:4",4,4,0.661,0.592,0.113,0.476465,0.002502,0.174813,0.186761
8,"--host fct-deei-linux:4",4,4,0.713,0.655,0.094,0.520513,0.004352,0.183700,0.190755
9,"--host fct-deei-linux:4",4,4,0.92,0.672,0.122,0.601117,0.018480,0.179996,0.244607
10,"--host fct-deei-linux:4",4,4,0.771,0.734,0.088,0.583993,0.024026,0.201734,0.246275
11,"--host fct-deei-linux:4",4,4,0.719,0.648,0.09,0.531646,0.003184,0.176700,0.192139
12,"--host fct-deei-linux:4",4,4,0.834,0.678,0.094,0.610901,0.004835,0.191453,0.250101
13,"--host fct-deei-linux:4",4,4,0.787,0.652,0.075,0.546823,0.001445,0.191767,0.200647
14,"--host fct-deei-linux:4",4,4,0.735,0.591,0.145,0.533184,0.001918,0.193385,0.209097
15,"--host fct-deei-linux:4",4,4,0.869,0.64,0.087,0.585577,0.002497,0.243193,0.255490
16,"--host fct-deei-linux:4",4,4,0.752,0.652,0.081,0.571885,0.003189,0.233723,0.242447
17,"--host fct-deei-linux:4",4,4,0.729,0.602,0.12,0.512351,0.003026,0.174941,0.181156
18,"--host fct-deei-linux:4",4,4,0.691,0.69,0.048,0.517641,0.002429,0.174608,0.193144
19,"--host fct-deei-linux:4",4,4,0.781,0.595,0.134,0.525939,0.003159,0.194948,0.202393
20,"--host fct-deei-linux:4",4,4,0.731,0.618,0.09,0.517235,0.001791,0.194586,0.207889
21,"--host fct-deei-linux:4",4,4,0.766,0.659,0.08,0.564689,0.003093,0.206623,0.243220
22,"--host fct-deei-linux:4",4,4,0.856,0.713,0.072,0.622061,0.011506,0.199470,0.225187
23,"--host fct-deei-linux:4",4,4,0.707,0.641,0.096,0.495933,0.001409,0.178395,0.185073
24,"--host fct-deei-linux:4",4,4,0.787,0.686,0.083,0.564967,0.018611,0.165352,0.221953
25,"--host fct-deei-linux:4",4,4,0.882,0.668,0.096,0.662216,0.001807,0.276256,0.360074
26,"--host fct-deei-linux:4",4,4,0.702,0.629,0.105,0.520909,0.003851,0.191869,0.197269
27,"--host fct-deei-linux:4",4,4,0.655,0.627,0.097,0.513540,0.001782,0.196930,0.215603
28,"--host fct-deei-linux:4",4,4,0.814,0.732,0.092,0.586220,0.022468,0.187829,0.245959
29,"--host fct-deei-linux:4",4,4,0.911,0.632,0.097,0.586125,0.003109,0.187848,0.200666
30,"--host fct-deei-linux:4",4,4,0.704,0.706,0.072,0.519913,0.000826,0.179738,0.238753
Uptime depois da execução:  15:21:37 up 1 day, 14:06, 20 users,  load average: 10.93, 8.82, 8.17
Média,"--host fct-deei-linux:4",4,4,0.773800,0.657633,0.093833,0.556497,0.006904,0.195367,0.225397
Uptime antes da execução:  15:21:37 up 1 day, 14:06, 20 users,  load average: 10.93, 8.82, 8.17
1,"--host fct-deei-linux:4",4,6,0.852,0.618,0.101,0.632072,0.003637,0.220662,0.308783
2,"--host fct-deei-linux:4",4,6,0.684,0.573,0.102,0.489051,0.001841,0.167984,0.181370
3,"--host fct-deei-linux:4",4,6,0.73,0.649,0.078,0.499056,0.008234,0.174153,0.203974
4,"--host fct-deei-linux:4",4,6,0.682,0.582,0.097,0.496987,0.002417,0.142773,0.162970
5,"--host fct-deei-linux:4",4,6,0.771,0.631,0.056,0.472795,0.002229,0.149472,0.162065
6,"--host fct-deei-linux:4",4,6,0.682,0.562,0.104,0.499934,0.002452,0.180791,0.197335
7,"--host fct-deei-linux:4",4,6,0.654,0.589,0.102,0.501407,0.002513,0.161875,0.173495
8,"--host fct-deei-linux:4",4,6,0.825,0.625,0.068,0.553453,0.003114,0.200879,0.216643
9,"--host fct-deei-linux:4",4,6,0.598,0.593,0.117,0.475638,0.001277,0.160806,0.173397
10,"--host fct-deei-linux:4",4,6,0.656,0.68,0.107,0.521183,0.001049,0.128020,0.217990
11,"--host fct-deei-linux:4",4,6,0.65,0.602,0.065,0.479493,0.006312,0.174526,0.185688
12,"--host fct-deei-linux:4",4,6,0.968,0.64,0.1,0.709140,0.032722,0.220077,0.307087
13,"--host fct-deei-linux:4",4,6,0.72,0.656,0.087,0.518790,0.002447,0.181493,0.203912
14,"--host fct-deei-linux:4",4,6,0.675,0.637,0.086,0.482275,0.002519,0.157594,0.171506
15,"--host fct-deei-linux:4",4,6,0.712,0.65,0.099,0.551266,0.024558,0.139756,0.228798
16,"--host fct-deei-linux:4",4,6,0.859,0.671,0.112,0.565498,0.012329,0.161391,0.223705
17,"--host fct-deei-linux:4",4,6,0.723,0.578,0.105,0.503477,0.003036,0.155516,0.180901
18,"--host fct-deei-linux:4",4,6,0.716,0.628,0.073,0.505661,0.000606,0.198161,0.215525
19,"--host fct-deei-linux:4",4,6,0.874,0.617,0.081,0.682067,0.040566,0.235368,0.276560
20,"--host fct-deei-linux:4",4,6,0.697,0.605,0.096,0.529765,0.011878,0.183537,0.199493
21,"--host fct-deei-linux:4",4,6,0.689,0.569,0.125,0.499180,0.002479,0.152972,0.170682
22,"--host fct-deei-linux:4",4,6,0.644,0.586,0.086,0.481702,0.001176,0.159937,0.170808
23,"--host fct-deei-linux:4",4,6,0.764,0.594,0.094,0.595567,0.002448,0.260968,0.283672
24,"--host fct-deei-linux:4",4,6,0.753,0.58,0.099,0.526979,0.003063,0.174230,0.197751
25,"--host fct-deei-linux:4",4,6,0.738,0.636,0.101,0.540144,0.001865,0.197206,0.222676
26,"--host fct-deei-linux:4",4,6,0.699,0.637,0.076,0.510514,0.003862,0.143860,0.184593
27,"--host fct-deei-linux:4",4,6,0.827,0.625,0.091,0.626728,0.026645,0.190820,0.263355
28,"--host fct-deei-linux:4",4,6,0.739,0.552,0.121,0.524133,0.004375,0.165837,0.198833
29,"--host fct-deei-linux:4",4,6,0.626,0.561,0.112,0.474911,0.001463,0.166494,0.173623
30,"--host fct-deei-linux:4",4,6,0.691,0.623,0.083,0.498888,0.001402,0.173097,0.192397
Uptime depois da execução:  15:22:06 up 1 day, 14:07, 20 users,  load average: 11.55, 9.16, 8.30
Média,"--host fct-deei-linux:4",4,6,0.729933,0.611633,0.094133,0.531590,0.007150,0.176010,0.208319
Uptime antes da execução:  15:22:06 up 1 day, 14:07, 20 users,  load average: 11.55, 9.16, 8.30
1,"--host fct-deei-linux:4",4,8,0.722,0.596,0.107,0.492104,0.008564,0.151312,0.192234
2,"--host fct-deei-linux:4",4,8,0.689,0.628,0.073,0.480499,0.001260,0.148570,0.168242
3,"--host fct-deei-linux:4",4,8,0.631,0.587,0.099,0.508225,0.003074,0.175228,0.181660
4,"--host fct-deei-linux:4",4,8,0.859,0.605,0.097,0.575573,0.002891,0.204031,0.258031
5,"--host fct-deei-linux:4",4,8,0.689,0.609,0.097,0.504277,0.000940,0.155881,0.175726
6,"--host fct-deei-linux:4",4,8,0.736,0.586,0.109,0.521749,0.002959,0.173548,0.197237
7,"--host fct-deei-linux:4",4,8,0.733,0.604,0.115,0.547860,0.002261,0.214024,0.226966
8,"--host fct-deei-linux:4",4,8,0.8,0.606,0.107,0.516480,0.004477,0.173554,0.180818
9,"--host fct-deei-linux:4",4,8,0.734,0.644,0.074,0.525782,0.002447,0.159451,0.189979
10,"--host fct-deei-linux:4",4,8,0.696,0.601,0.109,0.492933,0.003537,0.143998,0.162091
11,"--host fct-deei-linux:4",4,8,0.793,0.64,0.074,0.560069,0.005481,0.164486,0.187198
12,"--host fct-deei-linux:4",4,8,0.689,0.598,0.104,0.516340,0.003063,0.192277,0.214882
13,"--host fct-deei-linux:4",4,8,0.706,0.586,0.092,0.475381,0.001924,0.158206,0.166770
14,"--host fct-deei-linux:4",4,8,0.662,0.582,0.1,0.473278,0.001304,0.158986,0.171268
15,"--host fct-deei-linux:4",4,8,0.835,0.631,0.09,0.568976,0.001805,0.154555,0.179620
16,"--host fct-deei-linux:4",4,8,0.673,0.558,0.11,0.497215,0.003451,0.181220,0.192212
17,"--host fct-deei-linux:4",4,8,0.697,0.603,0.104,0.496955,0.002481,0.152615,0.170192
18,"--host fct-deei-linux:4",4,8,0.819,0.628,0.098,0.537982,0.003124,0.193456,0.201033
19,"--host fct-deei-linux:4",4,8,0.705,0.624,0.104,0.519744,0.001395,0.175657,0.203433
20,"--host fct-deei-linux:4",4,8,0.723,0.625,0.094,0.512221,0.001898,0.164423,0.180418
21,"--host fct-deei-linux:4",4,8,0.751,0.625,0.11,0.551185,0.003163,0.160528,0.208118
22,"--host fct-deei-linux:4",4,8,0.855,0.619,0.106,0.629482,0.026400,0.169209,0.277802
23,"--host fct-deei-linux:4",4,8,0.719,0.592,0.113,0.526471,0.002515,0.178119,0.182538
24,"--host fct-deei-linux:4",4,8,0.759,0.609,0.09,0.542300,0.003064,0.184694,0.203936
25,"--host fct-deei-linux:4",4,8,0.85,0.659,0.082,0.573654,0.003108,0.209500,0.236840
26,"--host fct-deei-linux:4",4,8,0.765,0.598,0.099,0.545550,0.003765,0.195331,0.208443
27,"--host fct-deei-linux:4",4,8,0.654,0.588,0.134,0.478203,0.001294,0.160793,0.178341
28,"--host fct-deei-linux:4",4,8,0.798,0.667,0.097,0.600177,0.026586,0.179091,0.230077
29,"--host fct-deei-linux:4",4,8,0.714,0.589,0.098,0.528474,0.003161,0.170456,0.186429
30,"--host fct-deei-linux:4",4,8,0.707,0.606,0.099,0.523823,0.001200,0.178306,0.184639
Uptime depois da execução:  15:22:35 up 1 day, 14:07, 20 users,  load average: 10.64, 9.19, 8.34
Média,"--host fct-deei-linux:4",4,8,0.738767,0.609767,0.099500,0.527440,0.004420,0.172717,0.196573
Uptime antes da execução:  15:22:39 up 1 day, 14:07, 20 users,  load average: 10.64, 9.19, 8.34
1,"--host fct-deei-linux:4 --host fct-deei-aval:1",5,2,3.507,0.71,0.236,2.864421,0.023343,0.385191,0.527742
2,"--host fct-deei-linux:4 --host fct-deei-aval:1",5,2,3.482,0.657,0.213,2.584698,0.003056,0.186830,0.224722
3,"--host fct-deei-linux:4 --host fct-deei-aval:1",5,2,3.538,0.737,0.194,2.876243,0.026165,0.368525,0.497789
4,"--host fct-deei-linux:4 --host fct-deei-aval:1",5,2,3.124,0.671,0.21,2.580870,0.001252,0.239376,0.282015
5,"--host fct-deei-linux:4 --host fct-deei-aval:1",5,2,3.544,0.795,0.2,2.727562,0.001688,0.197635,0.290250
6,"--host fct-deei-linux:4 --host fct-deei-aval:1",5,2,3.555,0.735,0.207,2.890091,0.030526,0.317484,0.517174
7,"--host fct-deei-linux:4 --host fct-deei-aval:1",5,2,3.501,0.699,0.221,2.652358,0.002446,0.184331,0.217149
8,"--host fct-deei-linux:4 --host fct-deei-aval:1",5,2,3.588,0.836,0.186,2.963490,0.006627,0.368493,0.628907
9,"--host fct-deei-linux:4 --host fct-deei-aval:1",5,2,3.363,0.749,0.238,2.670502,0.026599,0.187987,0.298249
10,"--host fct-deei-linux:4 --host fct-deei-aval:1",5,2,3.385,0.657,0.26,2.710341,0.014678,0.201747,0.249149
11,"--host fct-deei-linux:4 --host fct-deei-aval:1",5,2,3.342,0.722,0.2,2.610307,0.011721,0.255975,0.306357
12,"--host fct-deei-linux:4 --host fct-deei-aval:1",5,2,3.597,0.628,0.251,2.651156,0.003194,0.160708,0.202712
13,"--host fct-deei-linux:4 --host fct-deei-aval:1",5,2,3.808,0.736,0.239,3.026454,0.061341,0.353720,0.626910
14,"--host fct-deei-linux:4 --host fct-deei-aval:1",5,2,3.316,0.663,0.2,2.524824,0.002281,0.156325,0.196637
15,"--host fct-deei-linux:4 --host fct-deei-aval:1",5,2,3.679,0.698,0.246,2.938137,0.027775,0.363854,0.493646
16,"--host fct-deei-linux:4 --host fct-deei-aval:1",5,2,3.167,0.665,0.237,2.617581,0.002513,0.222248,0.279416
17,"--host fct-deei-linux:4 --host fct-deei-aval:1",5,2,3.576,0.693,0.228,2.730583,0.003065,0.222844,0.279035
18,"--host fct-deei-linux:4 --host fct-deei-aval:1",5,2,3.476,0.744,0.216,2.873726,0.022882,0.325514,0.524518
19,"--host fct-deei-linux:4 --host fct-deei-aval:1",5,2,3.477,0.711,0.203,2.646008,0.003093,0.203094,0.237580
20,"--host fct-deei-linux:4 --host fct-deei-aval:1",5,2,3.573,0.781,0.223,2.982278,0.031035,0.364595,0.633422
21,"--host fct-deei-linux:4 --host fct-deei-aval:1",5,2,3.283,0.621,0.283,2.562155,0.002041,0.195243,0.250913
22,"--host fct-deei-linux:4 --host fct-deei-aval:1",5,2,3.62,0.669,0.298,3.020049,0.033666,0.379971,0.544314
23,"--host fct-deei-linux:4 --host fct-deei-aval:1",5,2,3.166,0.688,0.228,2.559067,0.006455,0.222095,0.266745
24,"--host fct-deei-linux:4 --host fct-deei-aval:1",5,2,3.36,0.687,0.211,2.728292,0.011201,0.233365,0.282917
25,"--host fct-deei-linux:4 --host fct-deei-aval:1",5,2,3.171,0.666,0.199,2.599636,0.003077,0.229850,0.266507
26,"--host fct-deei-linux:4 --host fct-deei-aval:1",5,2,3.61,0.714,0.211,2.702972,0.003870,0.234361,0.267719
27,"--host fct-deei-linux:4 --host fct-deei-aval:1",5,2,3.464,0.78,0.177,2.873967,0.018177,0.392129,0.561232
28,"--host fct-deei-linux:4 --host fct-deei-aval:1",5,2,3.368,0.671,0.213,2.601491,0.001184,0.144372,0.195247
29,"--host fct-deei-linux:4 --host fct-deei-aval:1",5,2,3.52,0.797,0.187,2.932413,0.028119,0.343837,0.585984
30,"--host fct-deei-linux:4 --host fct-deei-aval:1",5,2,3.256,0.666,0.213,2.506286,0.002124,0.162641,0.204523
Uptime depois da execução:  15:24:32 up 1 day, 14:09, 20 users,  load average: 14.19, 11.03, 9.11
Média,"--host fct-deei-linux:4 --host fct-deei-aval:1",5,2,3.447200,0.708200,0.220933,2.740270,0.013840,0.260144,0.364650
Uptime antes da execução:  15:24:35 up 1 day, 14:09, 20 users,  load average: 14.81, 11.21, 9.18
1,"--host fct-deei-linux:4 --host fct-deei-aval:1",5,4,3.215,0.696,0.223,2.550936,0.002448,0.172965,0.224481
2,"--host fct-deei-linux:4 --host fct-deei-aval:1",5,4,3.544,0.684,0.248,2.620992,0.002471,0.157714,0.196477
3,"--host fct-deei-linux:4 --host fct-deei-aval:1",5,4,3.429,0.821,0.172,2.795210,0.004224,0.220502,0.457911
4,"--host fct-deei-linux:4 --host fct-deei-aval:1",5,4,3.473,0.721,0.195,2.609469,0.001848,0.159772,0.192343
5,"--host fct-deei-linux:4 --host fct-deei-aval:1",5,4,3.399,0.789,0.212,2.778178,0.000527,0.240897,0.463063
6,"--host fct-deei-linux:4 --host fct-deei-aval:1",5,4,3.337,0.734,0.256,2.597603,0.000872,0.137843,0.173521
7,"--host fct-deei-linux:4 --host fct-deei-aval:1",5,4,3.634,0.962,0.233,3.001380,0.026339,0.402191,0.603990
8,"--host fct-deei-linux:4 --host fct-deei-aval:1",5,4,3.633,0.969,0.277,2.832936,0.000885,0.342515,0.379583
9,"--host fct-deei-linux:4 --host fct-deei-aval:1",5,4,3.692,0.967,0.215,2.964633,0.032382,0.376169,0.575011
10,"--host fct-deei-linux:4 --host fct-deei-aval:1",5,4,3.53,0.863,0.274,2.737754,0.002359,0.282479,0.303656
11,"--host fct-deei-linux:4 --host fct-deei-aval:1",5,4,3.495,0.84,0.267,2.846079,0.026094,0.288608,0.492436
12,"--host fct-deei-linux:4 --host fct-deei-aval:1",5,4,3.523,0.696,0.239,2.676741,0.003130,0.172809,0.206164
13,"--host fct-deei-linux:4 --host fct-deei-aval:1",5,4,3.367,0.696,0.225,2.708554,0.004906,0.254145,0.347007
14,"--host fct-deei-linux:4 --host fct-deei-aval:1",5,4,3.253,0.724,0.217,2.542590,0.001357,0.172116,0.202447
15,"--host fct-deei-linux:4 --host fct-deei-aval:1",5,4,3.523,0.766,0.238,2.916036,0.034612,0.211168,0.445863
16,"--host fct-deei-linux:4 --host fct-deei-aval:1",5,4,2.984,0.705,0.238,2.499171,0.002279,0.148395,0.184449
17,"--host fct-deei-linux:4 --host fct-deei-aval:1",5,4,3.417,0.739,0.227,2.763071,0.019133,0.163853,0.309943
18,"--host fct-deei-linux:4 --host fct-deei-aval:1",5,4,3.221,0.757,0.182,2.569149,0.001713,0.186746,0.246400
19,"--host fct-deei-linux:4 --host fct-deei-aval:1",5,4,3.57,0.724,0.248,2.642730,0.003889,0.167262,0.199765
20,"--host fct-deei-linux:4 --host fct-deei-aval:1",5,4,3.394,0.7,0.238,2.681335,0.017472,0.263219,0.341803
21,"--host fct-deei-linux:4 --host fct-deei-aval:1",5,4,3.476,0.675,0.217,2.585294,0.003114,0.133660,0.180254
22,"--host fct-deei-linux:4 --host fct-deei-aval:1",5,4,3.355,0.731,0.223,2.760779,0.033245,0.238859,0.384724
23,"--host fct-deei-linux:4 --host fct-deei-aval:1",5,4,3.247,0.667,0.249,2.524399,0.002530,0.157582,0.191758
24,"--host fct-deei-linux:4 --host fct-deei-aval:1",5,4,3.495,0.782,0.19,2.839439,0.036234,0.219441,0.419487
25,"--host fct-deei-linux:4 --host fct-deei-aval:1",5,4,3.102,0.699,0.201,2.480736,0.005624,0.148858,0.186452
26,"--host fct-deei-linux:4 --host fct-deei-aval:1",5,4,3.502,0.79,0.232,2.828116,0.031269,0.127186,0.357118
27,"--host fct-deei-linux:4 --host fct-deei-aval:1",5,4,3.143,0.705,0.233,2.593724,0.002227,0.155094,0.268330
28,"--host fct-deei-linux:4 --host fct-deei-aval:1",5,4,3.493,0.688,0.232,2.631418,0.002451,0.159856,0.199527
29,"--host fct-deei-linux:4 --host fct-deei-aval:1",5,4,3.389,0.735,0.215,2.741364,0.026714,0.261197,0.386869
30,"--host fct-deei-linux:4 --host fct-deei-aval:1",5,4,3.515,0.695,0.235,2.602320,0.002745,0.141985,0.174702
Uptime depois da execução:  15:26:28 up 1 day, 14:11, 19 users,  load average: 15.48, 12.55, 9.89
Média,"--host fct-deei-linux:4 --host fct-deei-aval:1",5,4,3.411667,0.757333,0.228367,2.697400,0.011170,0.208836,0.309851
Uptime antes da execução:  15:26:31 up 1 day, 14:11, 19 users,  load average: 15.92, 12.69, 9.95
1,"--host fct-deei-linux:4 --host fct-deei-aval:1",5,6,3.281,0.657,0.21,2.556044,0.002518,0.127063,0.154022
2,"--host fct-deei-linux:4 --host fct-deei-aval:1",5,6,3.373,0.75,0.2,2.778968,0.026334,0.154960,0.415461
3,"--host fct-deei-linux:4 --host fct-deei-aval:1",5,6,3.096,0.808,0.224,2.524243,0.000668,0.128713,0.205720
4,"--host fct-deei-linux:4 --host fct-deei-aval:1",5,6,3.164,0.708,0.166,2.571463,0.002532,0.126506,0.178991
5,"--host fct-deei-linux:4 --host fct-deei-aval:1",5,6,3.179,0.763,0.236,2.640624,0.000504,0.099952,0.336844
6,"--host fct-deei-linux:4 --host fct-deei-aval:1",5,6,3.499,0.65,0.254,2.571221,0.002437,0.132698,0.175483
7,"--host fct-deei-linux:4 --host fct-deei-aval:1",5,6,3.504,0.745,0.25,2.872524,0.027608,0.172313,0.515548
8,"--host fct-deei-linux:4 --host fct-deei-aval:1",5,6,3.491,0.642,0.2,2.564709,0.001861,0.118853,0.163269
9,"--host fct-deei-linux:4 --host fct-deei-aval:1",5,6,3.323,0.71,0.246,2.750737,0.023357,0.148866,0.409226
10,"--host fct-deei-linux:4 --host fct-deei-aval:1",5,6,3.616,0.639,0.264,2.639180,0.003846,0.148204,0.182868
11,"--host fct-deei-linux:4 --host fct-deei-aval:1",5,6,3.326,0.773,0.196,2.698399,0.000583,0.166891,0.349069
12,"--host fct-deei-linux:4 --host fct-deei-aval:1",5,6,3.232,0.626,0.259,2.501170,0.001820,0.126639,0.174812
13,"--host fct-deei-linux:4 --host fct-deei-aval:1",5,6,3.286,0.731,0.202,2.703720,0.035018,0.181543,0.353765
14,"--host fct-deei-linux:4 --host fct-deei-aval:1",5,6,3.255,0.676,0.257,2.508718,0.002471,0.116428,0.211022
15,"--host fct-deei-linux:4 --host fct-deei-aval:1",5,6,3.54,0.716,0.266,2.830570,0.022683,0.133717,0.372929
16,"--host fct-deei-linux:4 --host fct-deei-aval:1",5,6,3.104,0.6,0.292,2.527891,0.001244,0.168218,0.207369
17,"--host fct-deei-linux:4 --host fct-deei-aval:1",5,6,3.493,0.721,0.212,2.720346,0.027981,0.164426,0.249084
18,"--host fct-deei-linux:4 --host fct-deei-aval:1",5,6,3.236,0.697,0.204,2.571601,0.003071,0.165322,0.192571
19,"--host fct-deei-linux:4 --host fct-deei-aval:1",5,6,3.615,0.676,0.249,2.743123,0.003149,0.159585,0.251837
20,"--host fct-deei-linux:4 --host fct-deei-aval:1",5,6,3.054,0.641,0.266,2.550334,0.002703,0.112212,0.234929
21,"--host fct-deei-linux:4 --host fct-deei-aval:1",5,6,3.39,0.611,0.27,2.626588,0.003813,0.126529,0.177060
22,"--host fct-deei-linux:4 --host fct-deei-aval:1",5,6,3.311,0.739,0.203,2.626133,0.022061,0.154356,0.279955
23,"--host fct-deei-linux:4 --host fct-deei-aval:1",5,6,3.54,0.672,0.24,2.659890,0.001876,0.156249,0.207186
24,"--host fct-deei-linux:4 --host fct-deei-aval:1",5,6,3.484,0.734,0.251,2.783575,0.000568,0.154826,0.464987
25,"--host fct-deei-linux:4 --host fct-deei-aval:1",5,6,3.464,0.653,0.229,2.575635,0.003058,0.138590,0.175305
26,"--host fct-deei-linux:4 --host fct-deei-aval:1",5,6,3.462,0.752,0.249,2.793830,0.023518,0.160877,0.404668
27,"--host fct-deei-linux:4 --host fct-deei-aval:1",5,6,3.129,0.649,0.211,2.519204,0.001386,0.136956,0.162420
28,"--host fct-deei-linux:4 --host fct-deei-aval:1",5,6,3.631,0.719,0.251,2.821335,0.004539,0.140122,0.358901
29,"--host fct-deei-linux:4 --host fct-deei-aval:1",5,6,3.019,0.734,0.21,2.543646,0.023854,0.164739,0.211878
30,"--host fct-deei-linux:4 --host fct-deei-aval:1",5,6,3.564,0.703,0.216,2.666541,0.003080,0.125274,0.237183
Uptime depois da execução:  15:28:21 up 1 day, 14:13, 18 users,  load average: 13.95, 12.99, 10.36
Média,"--host fct-deei-linux:4 --host fct-deei-aval:1",5,6,3.355367,0.696500,0.232767,2.648053,0.009338,0.143721,0.267146
Uptime antes da execução:  15:28:24 up 1 day, 14:13, 18 users,  load average: 13.95, 12.99, 10.36
1,"--host fct-deei-linux:4 --host fct-deei-aval:1",5,8,3.019,0.735,0.179,2.511806,0.003166,0.075443,0.197063
2,"--host fct-deei-linux:4 --host fct-deei-aval:1",5,8,3.101,0.636,0.232,2.476519,0.001879,0.116337,0.152997
3,"--host fct-deei-linux:4 --host fct-deei-aval:1",5,8,3.072,0.63,0.271,2.506930,0.001204,0.144580,0.178711
4,"--host fct-deei-linux:4 --host fct-deei-aval:1",5,8,3.038,0.645,0.23,2.478789,0.003282,0.114120,0.149672
5,"--host fct-deei-linux:4 --host fct-deei-aval:1",5,8,3.074,0.669,0.221,2.523641,0.001702,0.142638,0.176439
6,"--host fct-deei-linux:4 --host fct-deei-aval:1",5,8,3.094,0.795,0.169,2.528811,0.002191,0.093529,0.225878
7,"--host fct-deei-linux:4 --host fct-deei-aval:1",5,8,3.029,0.711,0.206,2.463125,0.000695,0.135936,0.158703
8,"--host fct-deei-linux:4 --host fct-deei-aval:1",5,8,2.995,0.627,0.29,2.495820,0.002469,0.099805,0.178863
9,"--host fct-deei-linux:4 --host fct-deei-aval:1",5,8,2.968,0.662,0.214,2.462539,0.001323,0.135771,0.158794
10,"--host fct-deei-linux:4 --host fct-deei-aval:1",5,8,3.023,0.69,0.262,2.538978,0.002436,0.092371,0.203065
11,"--host fct-deei-linux:4 --host fct-deei-aval:1",5,8,3.16,0.742,0.254,2.566701,0.013816,0.081078,0.262316
12,"--host fct-deei-linux:4 --host fct-deei-aval:1",5,8,3.146,0.735,0.263,2.591728,0.002414,0.081980,0.271758
13,"--host fct-deei-linux:4 --host fct-deei-aval:1",5,8,3.268,0.706,0.265,2.627335,0.027889,0.107568,0.254593
14,"--host fct-deei-linux:4 --host fct-deei-aval:1",5,8,2.978,0.664,0.24,2.471227,0.002239,0.115704,0.154737
15,"--host fct-deei-linux:4 --host fct-deei-aval:1",5,8,3.075,0.67,0.186,2.468698,0.001143,0.099265,0.149879
16,"--host fct-deei-linux:4 --host fct-deei-aval:1",5,8,3.121,0.652,0.222,2.483262,0.002249,0.120108,0.171210
17,"--host fct-deei-linux:4 --host fct-deei-aval:1",5,8,3.091,0.653,0.229,2.504042,0.003227,0.128650,0.169332
18,"--host fct-deei-linux:4 --host fct-deei-aval:1",5,8,3.037,0.745,0.195,2.496853,0.000568,0.102953,0.187555
19,"--host fct-deei-linux:4 --host fct-deei-aval:1",5,8,3.056,0.626,0.229,2.511667,0.002124,0.160516,0.182950
20,"--host fct-deei-linux:4 --host fct-deei-aval:1",5,8,2.95,0.64,0.225,2.484474,0.002488,0.123880,0.158590
21,"--host fct-deei-linux:4 --host fct-deei-aval:1",5,8,2.995,0.684,0.206,2.483407,0.001717,0.122415,0.176032
22,"--host fct-deei-linux:4 --host fct-deei-aval:1",5,8,3.018,0.661,0.221,2.477107,0.002275,0.080582,0.170002
23,"--host fct-deei-linux:4 --host fct-deei-aval:1",5,8,2.967,0.669,0.174,2.446596,0.001352,0.113881,0.156543
24,"--host fct-deei-linux:4 --host fct-deei-aval:1",5,8,2.971,0.687,0.229,2.457825,0.002251,0.088973,0.157328
25,"--host fct-deei-linux:4 --host fct-deei-aval:1",5,8,3.04,0.647,0.266,2.553290,0.004644,0.079389,0.232817
26,"--host fct-deei-linux:4 --host fct-deei-aval:1",5,8,3.155,0.725,0.228,2.590534,0.002500,0.106400,0.260166
27,"--host fct-deei-linux:4 --host fct-deei-aval:1",5,8,3.037,0.689,0.189,2.494773,0.002494,0.102951,0.169001
28,"--host fct-deei-linux:4 --host fct-deei-aval:1",5,8,3.115,0.709,0.17,2.493683,0.002588,0.122045,0.167233
29,"--host fct-deei-linux:4 --host fct-deei-aval:1",5,8,3.043,0.634,0.258,2.518730,0.002250,0.112846,0.165245
30,"--host fct-deei-linux:4 --host fct-deei-aval:1",5,8,3.012,0.705,0.21,2.482792,0.002303,0.091299,0.176459
Uptime depois da execução:  15:30:03 up 1 day, 14:15, 19 users,  load average: 9.52, 11.75, 10.19
Média,"--host fct-deei-linux:4 --host fct-deei-aval:1",5,8,3.054933,0.681433,0.224433,2.506387,0.003429,0.109767,0.185798
Uptime antes da execução:  15:30:06 up 1 day, 14:15, 19 users,  load average: 9.88, 11.79, 10.21
1,"--host fct-deei-linux:4 --host fct-deei-aval:2",6,2,3.06,0.677,0.168,2.506357,0.001859,0.145525,0.196494
2,"--host fct-deei-linux:4 --host fct-deei-aval:2",6,2,3.027,0.756,0.189,2.545554,0.014772,0.120795,0.247652
3,"--host fct-deei-linux:4 --host fct-deei-aval:2",6,2,3.149,0.731,0.235,2.624321,0.022551,0.211972,0.302086
4,"--host fct-deei-linux:4 --host fct-deei-aval:2",6,2,3.028,0.538,0.28,2.493190,0.001584,0.145355,0.185767
5,"--host fct-deei-linux:4 --host fct-deei-aval:2",6,2,3.122,0.613,0.225,2.528565,0.003210,0.178481,0.231001
6,"--host fct-deei-linux:4 --host fct-deei-aval:2",6,2,3.095,0.598,0.252,2.605968,0.001852,0.190600,0.282839
7,"--host fct-deei-linux:4 --host fct-deei-aval:2",6,2,3.092,0.586,0.239,2.486309,0.001260,0.146586,0.187112
8,"--host fct-deei-linux:4 --host fct-deei-aval:2",6,2,3.222,0.607,0.214,2.528754,0.001837,0.135339,0.202126
9,"--host fct-deei-linux:4 --host fct-deei-aval:2",6,2,3.257,0.681,0.235,2.555864,0.000542,0.130558,0.237082
10,"--host fct-deei-linux:4 --host fct-deei-aval:2",6,2,3.123,0.554,0.286,2.533978,0.002323,0.167988,0.209886
11,"--host fct-deei-linux:4 --host fct-deei-aval:2",6,2,3.029,0.641,0.179,2.519009,0.002452,0.157109,0.188891
12,"--host fct-deei-linux:4 --host fct-deei-aval:2",6,2,3.117,0.795,0.165,2.601483,0.003166,0.150512,0.272977
13,"--host fct-deei-linux:4 --host fct-deei-aval:2",6,2,3.105,0.755,0.273,2.597356,0.002056,0.120107,0.295355
14,"--host fct-deei-linux:4 --host fct-deei-aval:2",6,2,3.11,0.737,0.176,2.556465,0.023011,0.146304,0.217953
15,"--host fct-deei-linux:4 --host fct-deei-aval:2",6,2,2.981,0.579,0.279,2.523671,0.001903,0.125109,0.194010
16,"--host fct-deei-linux:4 --host fct-deei-aval:2",6,2,3.148,0.659,0.217,2.520648,0.004254,0.124876,0.206973
17,"--host fct-deei-linux:4 --host fct-deei-aval:2",6,2,3.107,0.731,0.204,2.554653,0.001335,0.183820,0.242787
18,"--host fct-deei-linux:4 --host fct-deei-aval:2",6,2,3.063,0.649,0.218,2.548379,0.017195,0.154413,0.241896
19,"--host fct-deei-linux:4 --host fct-deei-aval:2",6,2,3.058,0.651,0.179,2.528375,0.002475,0.157523,0.233988
20,"--host fct-deei-linux:4 --host fct-deei-aval:2",6,2,3.052,0.617,0.229,2.529711,0.002320,0.162852,0.216580
21,"--host fct-deei-linux:4 --host fct-deei-aval:2",6,2,3.148,0.742,0.21,2.557396,0.025943,0.148075,0.236060
22,"--host fct-deei-linux:4 --host fct-deei-aval:2",6,2,3.199,0.605,0.232,2.525593,0.002422,0.161826,0.208614
23,"--host fct-deei-linux:4 --host fct-deei-aval:2",6,2,3.223,0.664,0.186,2.559440,0.001855,0.187660,0.230545
24,"--host fct-deei-linux:4 --host fct-deei-aval:2",6,2,3.263,0.623,0.238,2.531324,0.001580,0.161079,0.207660
25,"--host fct-deei-linux:4 --host fct-deei-aval:2",6,2,3.206,0.669,0.201,2.557703,0.000848,0.159033,0.212246
26,"--host fct-deei-linux:4 --host fct-deei-aval:2",6,2,3.202,0.64,0.242,2.565358,0.001671,0.154637,0.225403
27,"--host fct-deei-linux:4 --host fct-deei-aval:2",6,2,3.121,0.664,0.179,2.540071,0.012975,0.144057,0.224963
28,"--host fct-deei-linux:4 --host fct-deei-aval:2",6,2,3.101,0.666,0.204,2.523471,0.002780,0.133707,0.181784
29,"--host fct-deei-linux:4 --host fct-deei-aval:2",6,2,3.051,0.692,0.213,2.520155,0.001856,0.133913,0.226563
30,"--host fct-deei-linux:4 --host fct-deei-aval:2",6,2,3.084,0.681,0.193,2.530003,0.001887,0.176184,0.221056
Uptime depois da execução:  15:31:46 up 1 day, 14:17, 19 users,  load average: 7.65, 10.53, 9.92
Média,"--host fct-deei-linux:4 --host fct-deei-aval:2",6,2,3.118100,0.660033,0.218000,2.543317,0.005526,0.153867,0.225611
Uptime antes da execução:  15:31:49 up 1 day, 14:17, 19 users,  load average: 7.65, 10.53, 9.92
1,"--host fct-deei-linux:4 --host fct-deei-aval:2",6,4,3.07,0.605,0.21,2.527766,0.003130,0.138092,0.182940
2,"--host fct-deei-linux:4 --host fct-deei-aval:2",6,4,3.127,0.661,0.278,2.576020,0.000931,0.136962,0.292520
3,"--host fct-deei-linux:4 --host fct-deei-aval:2",6,4,3.26,0.684,0.29,2.667012,0.002537,0.095143,0.366883
4,"--host fct-deei-linux:4 --host fct-deei-aval:2",6,4,2.987,0.654,0.195,2.470583,0.001411,0.126277,0.174904
5,"--host fct-deei-linux:4 --host fct-deei-aval:2",6,4,3.07,0.638,0.221,2.511592,0.001869,0.136158,0.182425
6,"--host fct-deei-linux:4 --host fct-deei-aval:2",6,4,3.069,0.691,0.222,2.514533,0.001927,0.135538,0.190222
7,"--host fct-deei-linux:4 --host fct-deei-aval:2",6,4,3.043,0.649,0.228,2.526704,0.003074,0.128412,0.190595
8,"--host fct-deei-linux:4 --host fct-deei-aval:2",6,4,3.064,0.697,0.233,2.518717,0.000868,0.170015,0.222734
9,"--host fct-deei-linux:4 --host fct-deei-aval:2",6,4,3.01,0.681,0.201,2.493509,0.000744,0.123253,0.167689
10,"--host fct-deei-linux:4 --host fct-deei-aval:2",6,4,3.032,0.621,0.244,2.518904,0.002474,0.149546,0.197367
11,"--host fct-deei-linux:4 --host fct-deei-aval:2",6,4,3.05,0.693,0.203,2.526413,0.002448,0.130429,0.198538
12,"--host fct-deei-linux:4 --host fct-deei-aval:2",6,4,3.002,0.665,0.231,2.506122,0.003268,0.122072,0.192378
13,"--host fct-deei-linux:4 --host fct-deei-aval:2",6,4,3,0.659,0.217,2.485362,0.003148,0.113646,0.171586
14,"--host fct-deei-linux:4 --host fct-deei-aval:2",6,4,3.214,0.771,0.269,2.677529,0.022049,0.097744,0.334368
15,"--host fct-deei-linux:4 --host fct-deei-aval:2",6,4,3.262,0.821,0.218,2.714339,0.018000,0.115604,0.373690
16,"--host fct-deei-linux:4 --host fct-deei-aval:2",6,4,3.052,0.601,0.255,2.534905,0.002833,0.157331,0.209335
17,"--host fct-deei-linux:4 --host fct-deei-aval:2",6,4,3.066,0.635,0.216,2.518576,0.004448,0.122215,0.169978
18,"--host fct-deei-linux:4 --host fct-deei-aval:2",6,4,3.055,0.625,0.231,2.491920,0.004029,0.119411,0.174055
19,"--host fct-deei-linux:4 --host fct-deei-aval:2",6,4,3.053,0.703,0.17,2.514480,0.001831,0.126488,0.172174
20,"--host fct-deei-linux:4 --host fct-deei-aval:2",6,4,3.056,0.664,0.189,2.478064,0.001820,0.126181,0.173111
21,"--host fct-deei-linux:4 --host fct-deei-aval:2",6,4,3.04,0.654,0.194,2.501151,0.001806,0.138331,0.189176
22,"--host fct-deei-linux:4 --host fct-deei-aval:2",6,4,2.975,0.717,0.195,2.494560,0.004339,0.136422,0.181245
23,"--host fct-deei-linux:4 --host fct-deei-aval:2",6,4,3.073,0.726,0.152,2.545402,0.002129,0.179981,0.218284
24,"--host fct-deei-linux:4 --host fct-deei-aval:2",6,4,3.028,0.594,0.26,2.517380,0.003094,0.140533,0.190172
25,"--host fct-deei-linux:4 --host fct-deei-aval:2",6,4,3.004,0.644,0.196,2.497119,0.004658,0.143457,0.197574
26,"--host fct-deei-linux:4 --host fct-deei-aval:2",6,4,3.096,0.625,0.223,2.557633,0.003812,0.130588,0.227213
27,"--host fct-deei-linux:4 --host fct-deei-aval:2",6,4,3.081,0.609,0.264,2.514464,0.003176,0.136543,0.173859
28,"--host fct-deei-linux:4 --host fct-deei-aval:2",6,4,3.165,0.65,0.252,2.573383,0.005175,0.089015,0.214411
29,"--host fct-deei-linux:4 --host fct-deei-aval:2",6,4,3.08,0.64,0.225,2.537683,0.004182,0.140484,0.193920
30,"--host fct-deei-linux:4 --host fct-deei-aval:2",6,4,3.016,0.691,0.196,2.501576,0.001258,0.145086,0.189904
Uptime depois da execução:  15:33:29 up 1 day, 14:18, 19 users,  load average: 8.39, 10.09, 9.83
Média,"--host fct-deei-linux:4 --host fct-deei-aval:2",6,4,3.070000,0.665600,0.222600,2.533783,0.003882,0.131698,0.210441
Uptime antes da execução:  15:33:32 up 1 day, 14:18, 19 users,  load average: 8.12, 10.01, 9.81
1,"--host fct-deei-linux:4 --host fct-deei-aval:2",6,6,2.963,0.591,0.216,2.452044,0.001786,0.090406,0.152670
2,"--host fct-deei-linux:4 --host fct-deei-aval:2",6,6,3.001,0.673,0.161,2.493884,0.004116,0.122317,0.170652
3,"--host fct-deei-linux:4 --host fct-deei-aval:2",6,6,3.092,0.621,0.216,2.511784,0.003745,0.096471,0.197807
4,"--host fct-deei-linux:4 --host fct-deei-aval:2",6,6,3.06,0.622,0.228,2.497863,0.005754,0.138997,0.201378
5,"--host fct-deei-linux:4 --host fct-deei-aval:2",6,6,3.081,0.562,0.254,2.469924,0.001826,0.101636,0.155602
6,"--host fct-deei-linux:4 --host fct-deei-aval:2",6,6,3.038,0.576,0.253,2.465698,0.001909,0.099894,0.151592
7,"--host fct-deei-linux:4 --host fct-deei-aval:2",6,6,3.044,0.584,0.242,2.459116,0.001414,0.104278,0.142083
8,"--host fct-deei-linux:4 --host fct-deei-aval:2",6,6,2.981,0.615,0.2,2.457465,0.004179,0.095034,0.156262
9,"--host fct-deei-linux:4 --host fct-deei-aval:2",6,6,3.013,0.593,0.23,2.457313,0.001391,0.096021,0.149679
10,"--host fct-deei-linux:4 --host fct-deei-aval:2",6,6,3.01,0.592,0.259,2.492208,0.002311,0.117742,0.182236
11,"--host fct-deei-linux:4 --host fct-deei-aval:2",6,6,3.149,0.695,0.217,2.583300,0.001284,0.110428,0.267714
12,"--host fct-deei-linux:4 --host fct-deei-aval:2",6,6,3.072,0.671,0.246,2.509315,0.001879,0.089563,0.216325
13,"--host fct-deei-linux:4 --host fct-deei-aval:2",6,6,3.035,0.6,0.245,2.543620,0.002531,0.098845,0.226821
14,"--host fct-deei-linux:4 --host fct-deei-aval:2",6,6,3.098,0.643,0.217,2.571574,0.002989,0.087471,0.238134
15,"--host fct-deei-linux:4 --host fct-deei-aval:2",6,6,3.051,0.59,0.213,2.506041,0.002444,0.112158,0.179740
16,"--host fct-deei-linux:4 --host fct-deei-aval:2",6,6,3.026,0.555,0.267,2.478332,0.001874,0.103807,0.158561
17,"--host fct-deei-linux:4 --host fct-deei-aval:2",6,6,3.152,0.625,0.208,2.485141,0.001256,0.091162,0.176475
18,"--host fct-deei-linux:4 --host fct-deei-aval:2",6,6,3.062,0.607,0.225,2.485995,0.002714,0.091153,0.159986
19,"--host fct-deei-linux:4 --host fct-deei-aval:2",6,6,3.065,0.663,0.184,2.494983,0.001311,0.113308,0.153196
20,"--host fct-deei-linux:4 --host fct-deei-aval:2",6,6,2.941,0.571,0.25,2.458673,0.002334,0.092122,0.153913
21,"--host fct-deei-linux:4 --host fct-deei-aval:2",6,6,2.995,0.649,0.217,2.497391,0.002390,0.104436,0.179004
22,"--host fct-deei-linux:4 --host fct-deei-aval:2",6,6,3.046,0.7,0.216,2.570238,0.016563,0.070933,0.229510
23,"--host fct-deei-linux:4 --host fct-deei-aval:2",6,6,3.005,0.592,0.248,2.473959,0.001902,0.102621,0.153522
24,"--host fct-deei-linux:4 --host fct-deei-aval:2",6,6,3.144,0.688,0.249,2.591042,0.058626,0.083861,0.205280
25,"--host fct-deei-linux:4 --host fct-deei-aval:2",6,6,3.194,0.662,0.22,2.585755,0.000946,0.075759,0.292228
26,"--host fct-deei-linux:4 --host fct-deei-aval:2",6,6,3.123,0.644,0.225,2.533796,0.001835,0.089426,0.225481
27,"--host fct-deei-linux:4 --host fct-deei-aval:2",6,6,3.023,0.582,0.241,2.457364,0.003446,0.088594,0.167223
28,"--host fct-deei-linux:4 --host fct-deei-aval:2",6,6,3.054,0.637,0.218,2.499927,0.001661,0.115435,0.177228
29,"--host fct-deei-linux:4 --host fct-deei-aval:2",6,6,3.134,0.638,0.221,2.519804,0.001400,0.111766,0.161960
30,"--host fct-deei-linux:4 --host fct-deei-aval:2",6,6,3.221,0.749,0.201,2.582454,0.000564,0.095179,0.247108
Uptime depois da execução:  15:35:11 up 1 day, 14:20, 19 users,  load average: 9.44, 9.95, 9.81
Média,"--host fct-deei-linux:4 --host fct-deei-aval:2",6,6,3.062433,0.626333,0.226233,2.506200,0.004613,0.099695,0.187645
Uptime antes da execução:  15:35:14 up 1 day, 14:20, 19 users,  load average: 9.25, 9.90, 9.79
1,"--host fct-deei-linux:4 --host fct-deei-aval:2",6,8,3.072,0.685,0.23,2.545472,0.022109,0.091260,0.184389
2,"--host fct-deei-linux:4 --host fct-deei-aval:2",6,8,2.997,0.66,0.187,2.488990,0.015591,0.097211,0.152562
3,"--host fct-deei-linux:4 --host fct-deei-aval:2",6,8,3.078,0.599,0.245,2.480617,0.002422,0.067155,0.187684
4,"--host fct-deei-linux:4 --host fct-deei-aval:2",6,8,2.979,0.58,0.23,2.467471,0.001852,0.080403,0.157910
5,"--host fct-deei-linux:4 --host fct-deei-aval:2",6,8,3.224,0.657,0.255,2.631100,0.001484,0.066723,0.282491
6,"--host fct-deei-linux:4 --host fct-deei-aval:2",6,8,3.267,0.718,0.231,2.667611,0.023259,0.074568,0.290303
7,"--host fct-deei-linux:4 --host fct-deei-aval:2",6,8,3.115,0.691,0.233,2.579315,0.007827,0.098390,0.249181
8,"--host fct-deei-linux:4 --host fct-deei-aval:2",6,8,3.003,0.653,0.18,2.477517,0.001836,0.094035,0.148147
9,"--host fct-deei-linux:4 --host fct-deei-aval:2",6,8,3.11,0.591,0.239,2.487934,0.002288,0.089830,0.151725
10,"--host fct-deei-linux:4 --host fct-deei-aval:2",6,8,3.073,0.645,0.191,2.500259,0.001764,0.076237,0.148387
11,"--host fct-deei-linux:4 --host fct-deei-aval:2",6,8,2.974,0.561,0.248,2.450653,0.001893,0.076264,0.148739
12,"--host fct-deei-linux:4 --host fct-deei-aval:2",6,8,3.132,0.616,0.216,2.528875,0.001403,0.086540,0.182089
13,"--host fct-deei-linux:4 --host fct-deei-aval:2",6,8,3.031,0.673,0.179,2.466125,0.000824,0.090801,0.173021
14,"--host fct-deei-linux:4 --host fct-deei-aval:2",6,8,3.018,0.61,0.244,2.517379,0.000715,0.088790,0.190959
15,"--host fct-deei-linux:4 --host fct-deei-aval:2",6,8,3.067,0.748,0.191,2.522448,0.015425,0.088988,0.204594
16,"--host fct-deei-linux:4 --host fct-deei-aval:2",6,8,3.079,0.59,0.269,2.565644,0.002387,0.081384,0.247132
17,"--host fct-deei-linux:4 --host fct-deei-aval:2",6,8,3.12,0.643,0.219,2.575260,0.002103,0.061787,0.253936
18,"--host fct-deei-linux:4 --host fct-deei-aval:2",6,8,3.081,0.572,0.233,2.498827,0.002457,0.093106,0.174815
19,"--host fct-deei-linux:4 --host fct-deei-aval:2",6,8,3.07,0.568,0.258,2.503541,0.003796,0.082914,0.164263
20,"--host fct-deei-linux:4 --host fct-deei-aval:2",6,8,3.189,0.775,0.21,2.593139,0.001264,0.080344,0.228079
21,"--host fct-deei-linux:4 --host fct-deei-aval:2",6,8,3.09,0.612,0.28,2.518823,0.002438,0.119516,0.193563
22,"--host fct-deei-linux:4 --host fct-deei-aval:2",6,8,2.955,0.645,0.182,2.460863,0.001788,0.084434,0.147190
23,"--host fct-deei-linux:4 --host fct-deei-aval:2",6,8,3.029,0.765,0.228,2.540194,0.001498,0.053763,0.211579
24,"--host fct-deei-linux:4 --host fct-deei-aval:2",6,8,3.012,0.652,0.205,2.489343,0.001555,0.087260,0.168455
25,"--host fct-deei-linux:4 --host fct-deei-aval:2",6,8,2.959,0.623,0.276,2.495471,0.000554,0.098005,0.208283
26,"--host fct-deei-linux:4 --host fct-deei-aval:2",6,8,3.011,0.624,0.238,2.595141,0.002622,0.086319,0.264969
27,"--host fct-deei-linux:4 --host fct-deei-aval:2",6,8,3.129,0.625,0.228,2.572865,0.003534,0.081563,0.261158
28,"--host fct-deei-linux:4 --host fct-deei-aval:2",6,8,3.014,0.567,0.284,2.485973,0.001386,0.072866,0.173268
29,"--host fct-deei-linux:4 --host fct-deei-aval:2",6,8,3.013,0.595,0.253,2.511960,0.003026,0.064558,0.176431
30,"--host fct-deei-linux:4 --host fct-deei-aval:2",6,8,3.117,0.617,0.234,2.505934,0.001833,0.085408,0.168078
Uptime depois da execução:  15:36:52 up 1 day, 14:22, 19 users,  load average: 9.29, 9.62, 9.69
Média,"--host fct-deei-linux:4 --host fct-deei-aval:2",6,8,3.066933,0.638667,0.229867,2.524153,0.004431,0.083347,0.196446
